Code commune;Noms_Comm;Nom_CommAr
1511010;Commune de Tanger;جماعة طنجة
15110101;Commune d'Assilah;جماعة أصيلة
15110109;Commune de Gueznaia;جماعة اكزناية
15110519;Commune de Hjar Ennhal;جماعة حجر النحل
15110507;Commune de Dar Chaoui;جماعة دار الشاوي
15110501;Commune d'Al Manzla;جماعة المنزلة
15110517;Commune de Laaouama;جماعة العوامة
15110505;Commune de Sebt Azzinate;جماعة سبت الزينات
15110303;Commune d'Aquouass Briech;جماعة اقواس برييش
15110315;Commune de Had Al Gharbia;جماعة حد الغربية
15110311;Commune de Sahel Chamali;جماعة الساحل الشمالي
15110313;Commune de Sidi Lyamani;جماعة سيدي اليمني
15730105;Commune de M'diq;جماعة المضيق
15730101;Commune de Fnideq;جماعة الفنيدق
15730103;Commune de Martil;جماعة مرتيل
15730107;Commune d'Allyene;جماعة عليين
15730109;Commune de Belyounech;جماعة بليونش
15710111;Commune de Tétouan;جماعة تطوان
15710107;Commune d'Oued Laou;جماعة واد لو
15710301;Commune d'Ain Lahsan;جماعة عين لحصن
15710319;Commune de Souk Kdim;جماعة سوق القديم
15710309;Commune de Jbel Lahbib;جماعة جبل لحبيب
15710307;Commune de Bni Harchen;جماعة بني حرشن
15710303;Commune d'Al Kharroub;جماعة الخروب
15710315;Commune de Mallalienne;جماعة الملاليين
15710317;Commune de Saddina;جماعة صدينة
15710321;Commune de Sahtryine;جماعة السحتريين
15710311;Commune de Bni Idder;جماعة بني يدر
15710305;Commune de Bghaghza;جماعة بغاغزة
15710513;Commune de Bni Leit;جماعة بني ليت
15710501;Commune d'Al Hamra;جماعة الحمراء
15710505;Commune d'Al Oued;جماعة الواد
15710519;Commune d'Oulad Ali Mansour;جماعة أولاد علي منصور
15710517;Commune de Dar Bni Karrich;جماعة دار بني قريش
15710527;Commune de Zinat;جماعة الزينات
15710507;Commune d'Azla;جماعة أزلا
15710523;Commune de Zaitoune;جماعة الزيتون
15710515;Commune de Bni Said;جماعة بني سعيد
15710525;Commune de Zaouiat Sidi Kacem;جماعة زاوية سيدي قاسم
12270509;Commune de Malloussa;جماعة ملوسة
12270501;Commune d'Al Bahraoyine;جماعة البحراويين
12270505;Commune de Ksar Sghir;جماعة القصر الصغير
12270311;Commune de Jouamaa;جماعة جوامعة
12270305;Commune d'Anjra;جماعة أنجرة
12270321;Commune de Taghramt;جماعة تغرامت
12270313;Commune de Ksar El Majaz;جماعة القصر المجاز
13310101;Commune de Ksar El Kebir;جماعة القصر الكبير
13310103;Commune de Larache;جماعة العرائش
13310705;Commune de Laouamra;جماعة العوامرة
13310717;Commune de Zouada;جماعة زوادة
13310703;Commune de Ksar Bjir;جماعة قصر بجير
13310701;Commune de Boujedyane;جماعة بوجديان
13310715;Commune de Tatoft;جماعة تطفت
13310711;Commune de Souk L'qolla;جماعة سوق القلة
13310903;Commune de Bni Arouss;جماعة بني عروس
13310913;Commune de Tazroute;جماعة تازروت
13310901;Commune d'Ayacha;جماعة عياشة
13310905;Commune de Bni Garfett;جماعة بني كرفط
13310915;Commune de Zaaroura;جماعة زعرورة
13311111;Commune de Sahel;جماعة الساحل
13311107;Commune de Rissana Chamalia;جماعة ريصانة الشمالية
13311109;Commune de Rissana Janoubia;جماعة ريصانة الجنوبية
13311103;Commune d'Oulad Ouchih;جماعة أولاد اوشيح
13311112;Commune de Souaken;جماعة السواكن
13311113;Commune de Souk Tolba;جماعة سوق الطلبة
10510101;Commune d'Al Hoceima;جماعة الحسيمة
10510103;Commune de Bni Bouayach;جماعة بني بوعياش
10510105;Commune d'Imzouren;جماعة امزورن
10510107;Commune de Targuist;جماعة تارجيست
10510109;Commune d'Ajdir;جماعة أجدير
10510301;Commune de Bni Boufrah;جماعة بني بوفراح
10510307;Commune de Senada;جماعة سنادة
10510305;Commune de Bni Gmil Maksouline;جماعة بني جميل مكصولين
10510303;Commune de Bni Gmil;جماعة بني اكميل
10511311;Commune de Chakrane;جماعة شقران
10511305;Commune d'Arbaa Taourirt;جماعة اربعاء تاوريرت
10511323;Commune de Tifarouine;جماعة تيفروين
10511319;Commune de Nekkour;جماعة النكور
10511303;Commune d'Ait Youssef Ou Ali;جماعة آيت يوسف وعلي
10511317;Commune de Louta;جماعة لوطا
10511313;Commune d'Imrabten;جماعة امرابطن
10511125;Commune de Zaouiat Sidi Abdelkader;جماعة زاوية سيدي عبد القادر
10511109;Commune de Bni Hadifa;جماعة بني حذيفة
10511107;Commune de Bni Abdellah;جماعة بني عبد الله
10511115;Commune d'Izemmouren;جماعة ازمورن
10511101;Commune d'Ait Kamra;جماعة آيت قمرة
10511121;Commune de Rouadi;جماعة ارواضي
10510721;Commune de Sidi Bouzineb;جماعة سيدي بوزينب
10510705;Commune de Bni Ammart;جماعة بني عمارت
10510719;Commune de Sidi Boutmim;جماعة سيدي بوتميم
10510727;Commune de Zarkt;جماعة زرقت
10510707;Commune de Bni Bchir;جماعة بني ابشير
10510711;Commune de Bni Bounsar;جماعة بني بونصار
10510703;Commune de Bni Ahmed Imoukzan;جماعة بني احمد اموكزان
10510925;Commune de Tamsaout;جماعة تامساوت
10510915;Commune de Ketama;جماعة كتامة
10510917;Commune de Moulay Ahmed Cherif;جماعة مولاي احمد الشريف
10510913;Commune d'Issaguen;جماعة اساكن
10510909;Commune de Bni Bouchibet;جماعة بني بوشيبت
10510923;Commune de Taghzout;جماعة تاغزوت
10510901;Commune d'Abdelghaya Souahel;جماعة عبد الغاية السواحل
11510101;Commune de Chefchaouen;جماعة شفشاون
11510303;Commune de Bab Berred;جماعة باب برد
11510313;Commune d'Iounane;جماعة اونان
11510323;Commune de Tamorot;جماعة تمروت
11510901;Commune d'Amtar;جماعة امتار
11510917;Commune de M'tioua;جماعة متيوة
11510919;Commune d'Ouaouzgane;جماعة ووزكان
11510909;Commune de Bni Rzine;جماعة بني رزين
11510911;Commune de Bni Smih;جماعة بني سميح
11510605;Commune de Bni Ahmed Cherqia;جماعة بني احمد الشرقية
11510607;Commune de Bni Ahmed Gharbia;جماعة بني احمد الغربية
11510621;Commune d'Oued Malha;جماعة واد ملحة
11510615;Commune de Mansoura;جماعة المنصورة
11510501;Commune de Bab Taza;جماعة باب تازة
11510507;Commune de Bni Salah;جماعة بني صالح
11510503;Commune de Bni Darkoul;جماعة بني دركول
11510505;Commune de Bni Faghloum;جماعة بني فغلوم
11510511;Commune de Fifi;جماعة فيفي
11510509;Commune de Derdara;جماعة الدردارة
11510515;Commune de Tanaqoub;جماعة تنقوب
11510513;Commune de Laghdir;جماعة لغدير
11511105;Commune de Bni Selmane;جماعة بني سلمان
11511103;Commune de Bni Mansour;جماعة بني منصور
11510701;Commune de Bni Bouzra;جماعة بني بوزرة
11510707;Commune de Steha;جماعة اسطيحة
11510713;Commune de Tizgane;جماعة تزكان
11510711;Commune de Tassift;جماعة تاسيفت
11510709;Commune de Talambote;جماعة تلمبوط
14050109;Commune d'Ouezzane;جماعة وزان
14050707;Commune de Mzefroune;جماعة امزفرون
14050705;Commune de Masmouda;جماعة مصمودة
14050715;Commune de Sidi Redouane;جماعة سيدي رضوان
14050701;Commune de Bni Quolla;جماعة بني كلة
14051317;Commune de Teroual;جماعة تروال
14051319;Commune de Zghira;جماعة ازغيرة
14051309;Commune d'Ouannana;جماعة ونانة
14051303;Commune de Lamjaara;جماعة لمجاعرة
14051311;Commune de Sidi Ahmed Cherif;جماعة سيدي أحمد الشريف
14051313;Commune de Sidi Bousber;جماعة سيدي بوصبر
14050905;Commune de Brikcha;جماعة ابريكشة
14050903;Commune d'Asjen;جماعة اسجن
14050909;Commune de Moqrissat;جماعة مقريصات
14050901;Commune d'Ain Beida;جماعة عين بيضاء
14051107;Commune de Kalaat Bouqorra;جماعة قلعة بوقرة
14051111;Commune de Zoumi;جماعة زومي
24110123;Commune d'Oujda;جماعة وجدة
24110111;Commune de Bni Drar;جماعة بني درار
24110119;Commune de Naima;جماعة النعيمة
24110303;Commune d'Ain Sfa;جماعة عين الصفا
24110307;Commune de Bsara;جماعة لبصارة
24110305;Commune de Bni Khaled;جماعة بني خالد
24110301;Commune d'Ahl Angad;جماعة أهل انكاد
24110511;Commune de Mestferki;جماعة مستفركي
24110517;Commune de Sidi Boulenouar;جماعة سيدي بولنوار
24110519;Commune de Sidi Moussa Lemhaya;جماعة سيدي موسى-لمهاية
24110509;Commune d'Isly;جماعة إسلي
23810105;Commune de Nador;جماعة الناضور
23810109;Commune de Zeghanghane;جماعة ازغنغان
23810103;Commune de Bni Ansar;جماعة بني انصار
23810101;Commune d'Al Aaroui;جماعة العروي
23810107;Commune de Zaio;جماعة زايو
23810119;Commune de Selouane;جماعة سلوان
23810115;Commune de Ras-El-Ma;جماعة رأس الماء
23810501;Commune de Bni Bouifrour;جماعة بني بويفرور
23810515;Commune d'Ihaddadene;جماعة إيحدادن
23810517;Commune d'Iksane;جماعة إيكسان
23810509;Commune de Bouarg;جماعة بوعرك
23810513;Commune d'Iaazzanene;جماعة إيعزانن
23810503;Commune de Bni Chiker;جماعة بني شيكر
23810505;Commune de Bni Sidel Jbel;جماعة بني سيدال الجبل
23810507;Commune de Bni Sidel Louta;جماعة بني سيدال لوطا
23810709;Commune de Hassi-Berkane;جماعة حاسي بركان
23810701;Commune d'Afsou;جماعة افسو
23810717;Commune de Tiztoutine;جماعة تزطوطين
23810707;Commune de Bni Oukil Oulad M'hand;جماعة بني وكيل أولاد محاند
23810705;Commune d'Arekmane;جماعة أركمان
23810703;Commune d'Al Barkanyene;جماعة البركانيين
23810713;Commune d'Oulad Settout;جماعة أولاد ستوت
23810711;Commune d'Oulad Daoud Zkhanine;جماعة أولاد داوود ازخانين
21670109;Commune de Driouch;جماعة الدريوش
21670103;Commune de Ben Taieb;جماعة بن الطيب
21670113;Commune de Midar;جماعة ميضار
21671323;Commune de Talilit;جماعة تليليت
21671317;Commune d'Ouardana;جماعة وردانة
21671315;Commune de M'hajer;جماعة امهاجر
21671309;Commune d'Iferni;جماعة افرني
21671301;Commune d'Azlaf;جماعة ازلاف
21671329;Commune de Tsaft;جماعة اتسافت
21671321;Commune de Tafersit;جماعة تفرسيت
21671111;Commune d'Ijermaouas;جماعة اجرمواس
21671125;Commune de Temsamane;جماعة تمسمان
21671107;Commune de Boudinar;جماعة بودينار
21671105;Commune de Bni Marghnine;جماعة بني مرغنين
21671119;Commune d'Oulad Amghar;جماعة أولاد أمغار
21671127;Commune de Trougout;جماعة اتروكوت
21671709;Commune de Mtalssa;جماعة امطالسة
21671701;Commune d'Ain Zohra;جماعة عين الزهرة
21671711;Commune d'Oulad Boubker;جماعة أولاد بوبكر
21671507;Commune de Dar El Kebdani;جماعة دار الكبداني
21671503;Commune d'Ait Mait;جماعة آيت مايت
21671513;Commune de Tazaghine;جماعة تزاغين
21671505;Commune d'Amejjaou;جماعة امجاو
22750117;Commune de Jerada;جماعة جرادة
22750103;Commune d'Ain Bni Mathar;جماعة عين بني مطهر
22750135;Commune de Touissit;جماعة تويسيت
22750905;Commune de Guenfouda;جماعة كنفودة
22750913;Commune de Ras Asfour;جماعة راس عصفور
22750915;Commune de Sidi Boubker;جماعة سيدي بوبكر
22750921;Commune de Tiouli;جماعة تيولي
22750707;Commune de Laaouinate;جماعة لعوينات
22750703;Commune de Gafait;جماعة كفايت
22750709;Commune de Lebkhata;جماعة لبخاتة
22750501;Commune de Bni Mathar;جماعة بني مطهر
22750515;Commune d'Ouled Sidi Abdelhakem;جماعة أولاد سيدي عبد الحاكم
22750511;Commune de Mrija;جماعة مريجة
22750513;Commune d'Ouled Ghziyel;جماعة أولاد غزييل
21130109;Commune de Berkane;جماعة بركان
21130101;Commune d'Ahfir;جماعة أحفير
21130125;Commune de Saidia;جماعة السعيدية
21130107;Commune d'Aklim;جماعة أكليم
21130105;Commune d'Ain Erreggada;جماعة عين الركادة
21130129;Commune de Sidi Slimane Echcharaa;جماعة سيدي سليمان-الشراعة
21130309;Commune de Laatamna;جماعة لعثامنة
21130311;Commune de Madagh;جماعة مداغ
21130307;Commune de Fezouane;جماعة فزوان
21130301;Commune d'Aghbal;جماعة أغبال
21130503;Commune de Boughriba;جماعة بوغريبة
21130505;Commune de Chouihia;جماعة الشويحية
21130513;Commune de Rislane;جماعة رسلان
21130515;Commune de Sidi Bouhria;جماعة سيدي بوهرية
21130517;Commune de Tafoughalt;جماعة تافوغالت
21130519;Commune de Zegzel;جماعة زكزل
25330133;Commune de Taourirt;جماعة تاوريرت
25330115;Commune d'El Aioun Sidi Mellouk;جماعة العيون-سيدي ملوك
25330113;Commune de Debdou;جماعة دبدو
25330907;Commune de Gteter;جماعة كطيطير
25330901;Commune d'Ahl Oued Za;جماعة أهل وادزا
25330911;Commune de Melg El Ouidane;جماعة ملك الويدان
25330703;Commune d'Ain Lehjer;جماعة عين الحجر
25330709;Commune de Mechraa Hammadi;جماعة مشرع حمادي
25330713;Commune de Mestegmer;جماعة مستكمر
25330721;Commune de Tancherfi;جماعة تنشرفي
25330317;Commune de Sidi Ali Bel Quassem;جماعة سيدي علي بلقاسم
25330319;Commune de Sidi Lahsen;جماعة سيدي لحسن
25330305;Commune d'El Atef;جماعة العاطف
25330315;Commune d'Ouled M'hamed;جماعة أولاد امحمد
22650103;Commune de Guercif;جماعة جرسيف
22650503;Commune de Barkine;جماعة بركين
22650501;Commune d'Assebbab;جماعة الصباب
22650505;Commune de Houara Oulad Raho;جماعة هوارة أولاد رحو
22650507;Commune de Lamrija;جماعة لمريجة
22650515;Commune de Saka;جماعة صاكة
22650713;Commune de Ras Laksar;جماعة راس القصر
22650717;Commune de Taddart;جماعة تادرت
22650711;Commune d'Oulad Bourima;جماعة اولاد بوريمة
22650709;Commune de Mazguitam;جماعة مزكيتام
22510103;Commune de Figuig;جماعة فجيج
22510101;Commune de Bouarfa;جماعة بوعرفة
22510303;Commune de Bni Tadjite;جماعة بني تدجيت
22510305;Commune de Bouanane;جماعة بوعنان
22510313;Commune d'Ain Chair;جماعة عين الشعير
22510301;Commune d'Ain Chouater;جماعة عين الشواطر
22510709;Commune de Boumerieme;جماعة بومريم
22510711;Commune de Talsint;جماعة تالسينت
22510707;Commune de Bouchaouene;جماعة بوشاون
22510503;Commune de Bni Guil;جماعة بني كيل
22510501;Commune d'Abbou Lakhal;جماعة عبو لكحل
22510507;Commune de Tendrara;جماعة تندرارة
22510505;Commune de Maatarka;جماعة معتركة
3231010;Commune de Fès;جماعة فاس
32310103;Commune de Méchouar-Fès-El Jadid;جماعة المشور فاس الجديد
32310115;Commune d'Oulad Tayeb;جماعة أولاد الطيب
32318105;Commune de Sidi Harazem;جماعة سيدي حرازم
32318103;Commune d'Ain Bida;جماعة عين البيضاء
30610101;Commune de Meknès;جماعة مكناس
30610103;Commune d'Al Machouar-Stinia;جماعة مشور استينية
30610109;Commune de My Idriss Zerhoun;جماعة مولاي إدريس زرهون
30610111;Commune d'Ouislane;جماعة ويسلان
30610105;Commune de Boufakrane;جماعة بوفكران
30610107;Commune de Toulal;جماعة تولال
30610709;Commune d'Oualili;جماعة وليلي
30610705;Commune de Mrhassiyine;جماعة المغاصيين
30610711;Commune de Sidi Abdellah Al Khayat;جماعة سيدي عبد الله الخياط
30610701;Commune de Charqaoua;جماعة شرقاوة
30610707;Commune de N'zalat Bni Amar;جماعة نزالة بني عمار
30610501;Commune de Dkhissa;جماعة الدخيسة
30610507;Commune d'Oued Jdida;جماعة واد الجديدة
30610505;Commune de M'haya;جماعة المهاية
30610503;Commune de Majjate;جماعة مجاط
30610509;Commune de Sidi Slimane Moul Al Kifane;جماعة سيدي سليمان مول الكيفان
30610305;Commune d'Ain Orma;جماعة عين عرمة
30610309;Commune de Dar Oum Soltane;جماعة دار أم السلطان
30610307;Commune d'Ait Ouallal;جماعة آيت ولال
30610302;Commune d'Ain Karma-Oued Rommane;جماعة عين كرمة-واد الرمان
30610301;Commune d'Ain Jemaa;جماعة عين الجمعة
31710105;Commune d'El Hajeb;جماعة الحاجب
31710107;Commune de Sabaa Aiyoun;جماعة سبع عيون
31710103;Commune d'Ain Taoujdate;جماعة عين تاوجطات
31710101;Commune d'Agourai;جماعة أكوراي
31710701;Commune d'Ait Bourzouine;جماعة آيت بورزوين
31710705;Commune d'Iqaddar;جماعة إقدار
31710703;Commune d'Ait Naamane;جماعة آيت نعمان
31710503;Commune d'Ait Harz Allah;جماعة آيت حرز الله
31710501;Commune d'Ait Boubidmane;جماعة آيت بوبيدمان
31710505;Commune de Bitit;جماعة بطيط
31710507;Commune de Laqsir;جماعة لقصير
31710309;Commune de Tamchachate;جماعة تامشاشاط
31710303;Commune d'Ait Yaazem;جماعة آيت يعزم
31710301;Commune d'Ait Ouikhalfen;جماعة آيت ويخلفن
31710305;Commune de Jahjouh;جماعة جحجوح
31710307;Commune de Ras Ijerri;جماعة راس إيجيري
32710101;Commune d'Azrou;جماعة أزرو
32710103;Commune d'Ifrane;جماعة إفران
32710107;Commune de Tizguite;جماعة تزكيت
32710105;Commune de Dayat-Aoua;جماعة ضاية عوا
32710303;Commune de Ben Smim;جماعة بن صميم
32710309;Commune de Tigrigra;جماعة تكريكرة
32710311;Commune de Timahdite;جماعة تمحضيت
32710301;Commune d'Ain Leuh;جماعة عين اللوح
32710307;Commune de Sidi El Makhfi;جماعة سيدي المخفي
32710305;Commune d'Oued Ifrane;جماعة واد إفران
35910101;Commune de Moulay Yacoub;جماعة مولاي يعقوب
35910103;Commune d'Ain Chkef;جماعة عين الشقف
35910305;Commune de Sebaa Rouadi;جماعة سبع رواضي
35910303;Commune de Mikkes;جماعة ميكس
35910307;Commune de Sebt Loudaya;جماعة سبت الأوداية
35910503;Commune de Laajajra;جماعة لعجاجرة
35910509;Commune de Sidi Daoud;جماعة سيدي داود
35910507;Commune d'Oulad Mimoun;جماعة أولاد ميمون
35910505;Commune de Louadaine;جماعة الوادين
35910502;Commune d'Ain Kansara;جماعة عين قنصرة
35910501;Commune d'Ain Bou Ali;جماعة عين بوعلي
34510109;Commune de Sefrou;جماعة صفرو
34510105;Commune d'Immouzzer-Kandar;جماعة إيموزار كندر
34510101;Commune de Bhalil;جماعة البهاليل
34510103;Commune d'El Menzel;جماعة المنزل
34510107;Commune de Ribate El Kheir;جماعة رباط الخير
34510707;Commune de Kandar Sidi Khiar;جماعة كندر سيدي اخيار
34510709;Commune de Laanoussar;جماعة العنوصر
34510713;Commune de Tazouta;جماعة تازوطة
34510703;Commune d'Ahl Sidi Lahcen;جماعة أهل سيدي لحسن
34510711;Commune de Sidi Youssef Ben Ahmed;جماعة سيدي يوسف بن احمد
34510701;Commune d'Aghbalou Aqorar;جماعة اغبالو أقورار
34510705;Commune d'Azzaba;جماعة عزابة
34510303;Commune d'Ain Timguenai;جماعة عين تمكناي
34510311;Commune de Mtarnagha;جماعة امطرناغة
34510313;Commune d'Oulad Mkoudou;جماعة أولاد امكودو
34510317;Commune de Tafajight;جماعة تافجيغت
34510301;Commune d'Adrej;جماعة أدرج
34510307;Commune de Dar El Hamra;جماعة دار الحمراء
34510309;Commune d'Irhzrane;جماعة إغزران
34510315;Commune de Ras Tabouda;جماعة راس تابودة
34510305;Commune de Bir Tam-Tam;جماعة بئر طم طم
34510501;Commune d'Ain Cheggag;جماعة عين الشكاك
34510503;Commune d'Ait Sebaa Lajrouf;جماعة آيت السبع لجروف
31310101;Commune de Boulemane;جماعة بولمان
31310103;Commune de Missour;جماعة ميسور
31310105;Commune d'Outat El Haj;جماعة أوطاط الحاج
31310102;Commune d'Imouzzer Marmoucha;جماعة إيموزار مرموشة
31310311;Commune de Guigou;جماعة كيكو
31310309;Commune d'Enjil;جماعة انجيل
31310315;Commune de Skoura M'daz;جماعة سكورة-مداز
31310901;Commune d'Ait Bazza;جماعة آيت بازة
31310905;Commune d'Almis Marmoucha;جماعة الميس مرموشة
31310917;Commune de Talzemt;جماعة تالزمت
31310903;Commune d'Ait El Mane;جماعة آيت المان
31310913;Commune de Serghina;جماعة سرغينة
31310907;Commune d'El Mers;جماعة المرس
31310501;Commune de Ksabi-Moulouya;جماعة القصابي-ملوية
31310503;Commune d'Ouizeght;جماعة ويزغت
31310505;Commune de Sidi Boutayeb;جماعة سيدي بوطيب
31310707;Commune d'Oulad Ali Youssef;جماعة أولاد علي يوسف
31310701;Commune d'El Orjane;جماعة العرجان
31310709;Commune de Tissaf;جماعة تيساف
31310703;Commune d'Ermila;جماعة الرميلة
31310705;Commune de Fritissa;جماعة افريطيسة
35310105;Commune de Taounate;جماعة تاونات
35310103;Commune de Karia Ba Mohamed;جماعة قرية با محمد
35310101;Commune de Rhafsai;جماعة غفساي
35310107;Commune de Thar Es-Souk;جماعة طهر السوق
35310109;Commune de Tissa;جماعة تيسة
35310503;Commune de Bouchabel;جماعة بوشابل
35310507;Commune de Jbabra;جماعة اجبابرة
35310517;Commune de Sidi El Abed;جماعة سيدي العابد
35310509;Commune de Loulja;جماعة الولجة
35310513;Commune de Moulay Abdelkrim;جماعة مولاي عبد الكريم
35310501;Commune de Bni Snous;جماعة بني سنوس
35310515;Commune de Moulay Bouchta;جماعة مولاي بوشتى
35310511;Commune de Mkansa;جماعة المكانسة
35310505;Commune de Rhouazi;جماعة الغوازي
35310309;Commune d'Ourtzarh;جماعة أورتزاغ
35310303;Commune de Galaz;جماعة كلاز
35310313;Commune de Sidi Haj M'hamed;جماعة سيدي الحاج امحمد
35310317;Commune de Sidi Yahia Bni Zeroual;جماعة سيدي يحيى بني زروال
35310307;Commune d'Oudka;جماعة ودكة
35310311;Commune de Ratba;جماعة الرتبة
35310301;Commune d'El Bibane;جماعة البيبان
35310315;Commune de Sidi Mokhfi;جماعة سيدي المخفي
35310323;Commune de Timezgana;جماعة تمزكانة
35310305;Commune de Kissane;جماعة كيسان
35310319;Commune de Tabouda;جماعة تبودة
35310321;Commune de Tafrant;جماعة تافرانت
35310701;Commune d'Ain Mediouna;جماعة عين مديونة
35310703;Commune de Bni Oulid;جماعة بني وليد
35310707;Commune de Bouadel;جماعة بوعادل
35310709;Commune de Bouhouda;جماعة بوهودة
35310721;Commune de Zrizer;جماعة الزريزر
35310713;Commune de Khlalfa;جماعة الخلالفة
35310717;Commune de Rghioua;جماعة ارغيوة
35310715;Commune de Mezraoua;جماعة مزراوة
35310719;Commune de Tamedit;جماعة تمضيت
35310705;Commune de Bni Ounjel Tafraout;جماعة بني ونجل تافراوت
35310711;Commune de Fennassa Bab El Hit;جماعة فناسة باب الحيط
35310909;Commune d'El Bsabsa;جماعة البسابسا
35310913;Commune d'Oued Jemaa;جماعة واد الجمعة
35310921;Commune de Ras El Oued;جماعة راس الواد
35310923;Commune de Sidi M'hamed Ben Lahcen;جماعة سيدي امحمد بن لحسن
35310905;Commune d'Ain Maatouf;جماعة عين معطوف
35310901;Commune d'Ain Aicha;جماعة عين عائشة
35310917;Commune d'Oulad Daoud;جماعة أولاد داود
35310907;Commune de Bouarouss;جماعة بوعروس
35310903;Commune d'Ain Legdah;جماعة عين لكدح
35310915;Commune d'Oulad Ayyad;جماعة أولاد عياد
35310911;Commune de Messassa;جماعة مساسة
35310919;Commune d'Outabouabane;جماعة أوطا بوعبان
35610111;Commune de Taza;جماعة تازة
35610107;Commune de Tahla;جماعة تاهلة
35610101;Commune d'Aknoul;جماعة أكنول
35610105;Commune d'Ouad Amlil;جماعة واد امليل
35610303;Commune de Bourd;جماعة بورد
35610301;Commune d'Ajdir;جماعة أجدير
35610305;Commune de Gzenaya Al Janoubia;جماعة اكزناية الجنوبية
35610307;Commune de Jbarna;جماعة اجبارنة
35610309;Commune de Sidi Ali Bourakba;جماعة سيدي علي بورقبة
35610311;Commune de Tizi Ouasli;جماعة تيزي وسلي
35610901;Commune d'Ait Saghrouchen;جماعة آيت سغروشن
35610911;Commune de Tazarine;جماعة تازارين
35610903;Commune de Bouyablane;جماعة بويبلان
35610907;Commune de Matmata;جماعة مطماطة
35610909;Commune de Smia;جماعة الصميعة
35610913;Commune de Zrarda;جماعة الزراردة
35611101;Commune de Bni Ftah;جماعة بني افتح
35611115;Commune de Traiba;جماعة اترايبة
35611111;Commune de Taifa;جماعة الطايفة
35611107;Commune de Kaf El Ghar;جماعة كاف الغار
35611109;Commune de Msila;جماعة امسيلة
35611103;Commune de Brarha;جماعة برارحة
35611105;Commune d'El Gouzate;جماعة الكوزات
35611113;Commune de Tainaste;جماعة تيناست
35611301;Commune de Bab Boudir;جماعة باب بودر
35611303;Commune de Bab Marzouka;جماعة باب مرزوقة
35611307;Commune de Galdamane;جماعة كلدمان
35611311;Commune de Meknassa Al Gharbia;جماعة مكناسة الغربية
35611309;Commune de Meknassa Acharqia;جماعة مكناسة الشرقية
35611305;Commune de Bni Lent;جماعة بني لنث
35611313;Commune d'Oulad Chrif;جماعة أولاد الشريف
35611315;Commune de Maghraoua;جماعة مغراوة
35610709;Commune d'Oulad Zbair;جماعة أولاد ازباير
35610705;Commune de Bouhlou;جماعة بوحلو
35610703;Commune de Bouchfaa;جماعة بوشفاعة
35610707;Commune de Ghiata Al Gharbia;جماعة غياثة الغربية
35610711;Commune de Rbaa El Fouki;جماعة الربع الفوقي
35610701;Commune de Bni Frassen;جماعة بني فراسن
4421010;Commune de Rabat;جماعة الرباط
44210107;Commune de Touarga;جماعة التواركة
4441010;Commune de Salé;جماعة سلا
44410108;Commune de Sidi Bouknadel;جماعة سيدي أبي القنادل
44410113;Commune d'Ameur;جماعة عامر
44410111;Commune de Shoul;جماعة السهول
45010107;Commune de Témara;جماعة تمارة
45010103;Commune de Harhoura;جماعة الهرهورة
45010105;Commune de Skhirate;جماعة الصخيرات
45010101;Commune d'Ain El Aouda;جماعة عين العودة
45010109;Commune d'Ain Attig;جماعة عين عتيق
45010503;Commune de Mers El Kheir;جماعة مرس الخير
45010505;Commune de Sabbah;جماعة صباح
45010301;Commune d'El Menzeh;جماعة المنزه
45010303;Commune d'Oumazza;جماعة أم عزة
45010311;Commune de Sidi Yahya Zaer;جماعة سيدي يحيى زعير
42810101;Commune de Kénitra;جماعة القنيطرة
42810111;Commune de Souk El Arbaa;جماعة سوق الأربعاء
42810105;Commune de Mehdya;جماعة مهدية
42810113;Commune de Sidi Taibi;جماعة سيدي الطيبي
42810301;Commune d'Ameur Seflia;جماعة عامر السفلية
42810311;Commune d'Ouled Slama;جماعة أولاد سلامة
42810305;Commune de Haddada;جماعة الحدادة
42810507;Commune de Mnasra;جماعة المناصرة
42810503;Commune de Ben Mansour;جماعة بنمنصور
42810511;Commune de Sidi Mohamed Benmansour;جماعة سيدي محمد بنمنصور
42810509;Commune de Mograne;جماعة المكرن
42810701;Commune d'Arbaoua;جماعة عرباوة
42810707;Commune d'Oued El Makhazine;جماعة وادي المخازن
42810705;Commune de Kariat Ben Aouda;جماعة قرية بن عودة
42810703;Commune de Beni Malek;جماعة بني مالك
42810909;Commune de Sidi Allal Tazi;جماعة سيدي علال التازي
42810915;Commune de Souk Tlet El Gharb;جماعة سوق ثلاثاء الغرب
42810901;Commune de Bahhara Ouled Ayad;جماعة بحارة أولاد عياد
42810913;Commune de Sidi Mohamed Lahmar;جماعة سيدي محمد لحمر
42811107;Commune de Moulay Bousselham;جماعة مولاي بوسلهام
42811105;Commune de Lalla Mimouna;جماعة للا ميمونة
42811103;Commune de Chouafaa;جماعة الشوافع
42811111;Commune de Sidi Boubker El Haj;جماعة سيدي بوبكر الحاج
42910101;Commune de Khémisset;جماعة الخميسات
42910103;Commune de Rommani;جماعة الرماني
42910105;Commune de Tiflet;جماعة تيفلت
42910117;Commune de Sidi Allal El Bahraoui;جماعة سيدي علال البحراوي
42910301;Commune d'Ait Mimoune;جماعة آيت ميمون
42910303;Commune d'Ait Ouribel;جماعة آيت أوريبل
42910311;Commune de Majmaa Tolba;جماعة مجمع الطلبة
42910309;Commune d'El Ganzra;جماعة الكنزرة
42910307;Commune d'Ait Yadine;جماعة آيت يدين
42910313;Commune de Sfassif;جماعة الصفاصيف
42910305;Commune d'Ait Siberne;جماعة آيت سيبرن
42910315;Commune de Sidi Allal Lamsadder;جماعة سيدي علال المصدر
42910317;Commune de Sidi El Rhandour;جماعة سيدي الغندور
42910507;Commune de Houderrane;جماعة حودران
42910509;Commune de Maaziz;جماعة المعازيز
42910503;Commune d'Ait Ikkou;جماعة آيت إيكو
42910505;Commune de Bouqachmir;جماعة بوقشمير
42910501;Commune d'Ait Ichou;جماعة آيت إيشو
42910511;Commune d'Oulmes;جماعة اولماس
42910513;Commune de Tiddas;جماعة تيداس
42910705;Commune de Brachoua;جماعة البراشوة
42910715;Commune de My Driss Aghbal;جماعة مولاي ادريس أغبال
42910709;Commune de Jemaat Moul Blad;جماعة جمعة مول البلاد
42910711;Commune de Laghoualem;جماعة الغوالم
42910713;Commune de Marchouch;جماعة مرشوش
42910701;Commune d'Ain Sbit;جماعة عين السبيت
42910707;Commune d'Ezzhiliga;جماعة الزحيلكة
42910911;Commune de M'qam Tolba;جماعة مقام الطلبة
42910913;Commune de Sidi Abderrazak;جماعة سيدي عبد الرزاق
42910907;Commune d'Ait Malek;جماعة آيت مالك
42910919;Commune d'Ait Ali Ou Lahcen;جماعة آيت علي أولحسن
42910902;Commune d'Ain Johra-Sidi Boukhalkhal;جماعة عين الجوهرة-سيدي بوخلخال
42910903;Commune d'Ait Belkacem;جماعة آيت بلقاسم
42910909;Commune de Khemis Sidi Yahya;جماعة خميس سيدي يحيى
42910905;Commune d'Ait Bouyahia El Hajjama;جماعة آيت بويحيى الحجامة
44810111;Commune de Sidi Kacem;جماعة سيدي قاسم
44810107;Commune de Mechraa Bel Ksiri;جماعة مشرع بلقصيري
44810103;Commune de Had Kourt;جماعة أحد كورت
44810105;Commune de Jorf El Melha;جماعة جرف الملحة
44810101;Commune de Dar Gueddari;جماعة دار الكداري
44810303;Commune de Bni Oual;جماعة بني وال
44810301;Commune d'Ain Dfali;جماعة عين الدفالي
44810309;Commune de Moulay Abdelkader;جماعة مولاي عبد القادر
44810317;Commune de Sidi Azzouz;جماعة سيدي عزوز
44810313;Commune de Sidi Ahmed Benaissa;جماعة سيدي احمد بنعيسى
44810315;Commune de Sidi Ameur Al Hadi;جماعة سيدي اعمر الحاضي
44810707;Commune de Lamrabih;جماعة لمرابيح
44810721;Commune de Taoughilt;جماعة توغيلت
44810705;Commune de Khnichet;جماعة الخنيشات
44810711;Commune d'Oulad Nouel;جماعة أولاد نوال
44810719;Commune de Sidi M'hamed Chelh;جماعة سيدي امحمد الشلح
44811111;Commune de Sidi Al Kamel;جماعة سيدي الكامل
44811105;Commune de Rmilat;جماعة ارميلات
44811103;Commune de Dar Laaslouji;جماعة دار العسلوجي
44810507;Commune de Nouirate;جماعة انويرات
44810501;Commune d'Al Haouafate;جماعة الحوافات
44810509;Commune de Sefsaf;جماعة صفصاف
44810901;Commune de Bab Tiouka;جماعة باب تيوكا
44810913;Commune de Zirara;جماعة زيرارة
44810905;Commune de Chbanate;جماعة اشبانات
44810911;Commune de Zaggota;جماعة زكوطة
44810907;Commune de Selfat;جماعة سلفات
44810903;Commune de Bir Taleb;جماعة بير الطالب
44810909;Commune de Tekna;جماعة ثكنة
44910107;Commune de Sidi Slimane;جماعة سيدي سليمان
44910109;Commune de Sidi Yahia El Gharb;جماعة سيدي يحيى الغرب
44910503;Commune de Boumaiz;جماعة بومعيز
44910505;Commune de Dar Bel Amri;جماعة دار بلعامري
44910501;Commune d'Azghar;جماعة أزغار
44910511;Commune d'Ouled Ben Hammadi;جماعة أولاد بن حمادي
44910509;Commune de M'saada;جماعة المساعدة
44910513;Commune d'Ouled H'cine;جماعة أولاد احسين
44910315;Commune de Sfafaa;جماعة الصفافعة
44910307;Commune de Kceibya;جماعة القصيبية
44910317;Commune d'Ameur Chamalia;جماعة عامر الشمالية
50910101;Commune de Béni Mellal;جماعة بني ملال
50910107;Commune de Kasba Tadla;جماعة قصبة تادلة
50910113;Commune de Zaouiat Cheikh;جماعة زاوية الشيخ
50910103;Commune d'El Ksiba;جماعة القصيبة
50910303;Commune d'Ouled Gnaou;جماعة أولاد كناو
50910305;Commune d'Ouled M'barek;جماعة أولاد امبارك
50910301;Commune de Foum Oudi;جماعة فم أودي
50910307;Commune d'Ouled Yaich;جماعة أولاد إيعيش
50910309;Commune de Sidi Jaber;جماعة سيدي جابر
50910311;Commune de Foum El Anceur;جماعة فم العنصر
50910711;Commune de Naour;جماعة ناوور
50910707;Commune de Dir El Ksiba;جماعة دير القصيبة
50910715;Commune de Tanougha;جماعة تانوغة
50910713;Commune de Taghzirt;جماعة تاكزيرت
50910703;Commune d'Ait Oum El Bekht;جماعة آيت أم البخت
50910501;Commune d'Aghbala;جماعة اغبالة
50910517;Commune de Tizi N'isly;جماعة تيزي نيسلي
50910505;Commune de Boutferda;جماعة بوتفردة
50911101;Commune de Guettaya;جماعة كطاية
50911107;Commune de Semguet;جماعة سمكت
50911103;Commune d'Ouled Youssef;جماعة أولاد يوسف
50911105;Commune d'Ouled Said Loued;جماعة أولاد سعيد الواد
50810101;Commune d'Azilal;جماعة أزيلال
50810103;Commune de Demnate;جماعة دمنات
50810307;Commune d'Ait M'hamed;جماعة آيت امحمد
50810303;Commune d'Ait Abbas;جماعة آيت عباس
50810309;Commune de Tabant;جماعة تبانت
50810305;Commune d'Ait Bou Oulli;جماعة آيت بواولي
50810301;Commune d'Agoudi N'lkhair;جماعة أكودي نلخير
50810311;Commune de Tamda Noumercid;جماعة تامدة نومرصيد
50810313;Commune de Zaouiat Ahansal;جماعة زاوية أحنصال
50810521;Commune de Tisqi;جماعة تسقي
50810519;Commune de Taounza;جماعة تاونزة
50810511;Commune de Moulay Aissa Ben Driss;جماعة مولاي عيسى بن ادريس
50810507;Commune de Bzou;جماعة بزو
50810513;Commune de Rfala;جماعة ارفالة
50810501;Commune d'Ait Taguella;جماعة آيت تكلا
50810517;Commune de Tanant;جماعة تنانت
50810509;Commune de Foum Jemaa;جماعة فم الجمعة
50810515;Commune de Tabia;جماعة تابية
50810505;Commune de Bni Hassane;جماعة بني حسان
50811513;Commune d'Ouaoula;جماعة واولى
50811503;Commune d'Ait Majden;جماعة آيت ماجدن
50811521;Commune de Tifni;جماعة تفني
50811511;Commune d'Imlil;جماعة امليل
50811515;Commune de Sidi Boulkhalf;جماعة سيدي بولخلف
50811501;Commune d'Ait Blal;جماعة آيت ابلال
50811305;Commune d'Ait Oumdis;جماعة آيت أومديس
50811307;Commune d'Ait Tamlil;جماعة آيت تمليل
50811309;Commune d'Anzou;جماعة انزو
50811319;Commune de Tidili Fetouaka;جماعة تدلي فطواكة
50811317;Commune de Sidi Yacoub;جماعة سيدي يعقوب
50810909;Commune d'Anergui;جماعة انركي
50810911;Commune de Bin El Ouidane;جماعة بين الويدان
50810913;Commune d'Isseksi;جماعة اسكسي
50810915;Commune d'Ouaouizeght;جماعة واويزغت
50810921;Commune de Tiffert N'ait Hamza;جماعة تيفرت نايت حمزة
50810907;Commune d'Ait Ouqabli;جماعة آيت أو قبلي
50810919;Commune de Tagleft;جماعة تاكلفت
50810917;Commune de Tabaroucht;جماعة تبروشت
50810903;Commune d'Ait Mazigh;جماعة آيت مزيغ
50810923;Commune de Tilougguite;جماعة تيلوكيت
50811101;Commune d'Afourar;جماعة أفورار
50811125;Commune de Timoulilt;جماعة تيموليلت
50811105;Commune d'Ait Ouaarda;جماعة آيت وعرضى
50811103;Commune de Bni A'yat;جماعة بني عياط
52550105;Commune de Fquih Ben Salah;جماعة الفقيه بن صالح
52550111;Commune de Souk Sebt Ouled Nemma;جماعة سوق السبت أولاد النمة
52550109;Commune d'Ouled Ayad;جماعة أولاد عياد
52550513;Commune de Sidi Hammadi;جماعة سيدي حمادي
52550505;Commune d'Ouled Bourahmoune;جماعة أولاد بورحمون
52550511;Commune de Sidi Aissa Ben Ali;جماعة سيدي عيسى بن علي
52550509;Commune d'Ouled Zmam;جماعة أولاد زمام
52550911;Commune de Krifate;جماعة كريفات
52550909;Commune de Hel Merbaa;جماعة أهل مربع
52550901;Commune de Khalfia;جماعة خلفية
52550907;Commune de Bradia;جماعة برادية
52550903;Commune de Bni Chegdale;جماعة بني شكدال
52550905;Commune de Bni Oukil;جماعة بني وكيل
52551101;Commune de Dar Ould Zidouh;جماعة دار ولد زيدوح
52551103;Commune de Had Boumoussa;جماعة أحد بوموسى
52551107;Commune d'Ouled Nacer;جماعة أولاد ناصر
53010101;Commune de Khenifra;جماعة خنيفرة
53010105;Commune de M'rirt;جماعة مريرت
53010309;Commune d'Ouaoumana;جماعة واو مانة
53010301;Commune d'Ait Ishaq;جماعة آيت إسحاق
53010305;Commune d'El Kbab;جماعة القباب
53010311;Commune de Sidi Yahya Ou Saad;جماعة سيدي يحيى أوساعد
53010313;Commune de Tighassaline;جماعة تيغسالين
53010303;Commune d'Ait Saadelli;جماعة آيت سعدلي
53010307;Commune de Kerrouchen;جماعة كروشن
53010521;Commune de Sidi Amar;جماعة سيدي عمرو
53010525;Commune de Sidi Lamine;جماعة سيدي لامين
53010505;Commune d'El Borj;جماعة البرج
53010513;Commune de Moha Ou Hammou Zayani;جماعة موحى أوحمو الزياني
53010501;Commune d'Aguelmam Azegza;جماعة أكلمام أزكزا
53010511;Commune de Lehri;جماعة لهري
53010723;Commune de Sidi Hcine;جماعة سيدي حسين
53010703;Commune d'Aguelmous;جماعة أكلموس
53010709;Commune de Had Bouhssoussen;جماعة أحد بوحسوسن
53010715;Commune de Moulay Bouazza;جماعة مولاي بوعزة
53010719;Commune de Sebt Ait Rahou;جماعة سبت آيت رحو
53010707;Commune d'El Hammam;جماعة الحمام
53010717;Commune d'Oum Rabia;جماعة أم الربيع
53110107;Commune de Khouribga;جماعة خريبكة
53110109;Commune d'Oued Zem;جماعة وادي زم
53110101;Commune de Bejaad;جماعة أبي الجعد
53110103;Commune de Boujniba;جماعة بوجنيبة
53110105;Commune de Hattane;جماعة حطان
53110313;Commune de Rouached;جماعة الرواشد
53110309;Commune de Chougrane;جماعة الشكران
53110315;Commune de Tachraft;جماعة تشرافت
53110301;Commune d'Ain Kaicher;جماعة عين قيشر
53110303;Commune de Bni Bataou;جماعة بني بتاو
53110307;Commune de Boukhrisse;جماعة بوخريص
53110305;Commune de Bni Zrantel;جماعة بني زرنتل
53110311;Commune d'Oulad Gouaouch;جماعة أولاد كواوش
53110503;Commune de Bni Ykhlef;جماعة بني يخلف
53110507;Commune de Lagfaf;جماعة لكفاف
53110505;Commune de Boulanouare;جماعة بولنوار
53110501;Commune de Bir Mezoui;جماعة بئر مزوي
53110509;Commune d'El Foqra;جماعة الفقراء
53110511;Commune de M'fassis;جماعة المفاسيس
53110513;Commune d'Oulad Abdoune;جماعة أولاد عبدون
53110515;Commune d'Oulad Azzouz;جماعة أولاد عزوز
53110701;Commune d'Ait Ammar;جماعة آيت عمار
53110719;Commune d'Oulad Ftata;جماعة أولاد فتاتة
53110709;Commune de Lagnadiz;جماعة لكناديز
53110715;Commune d'Oulad Boughadi;جماعة أولاد بوغادي
53110703;Commune de Bni Smir;جماعة بني سمير
53110707;Commune de Kasbat Troch;جماعة قصبة الطرش
53110711;Commune de Maadna;جماعة المعادنة
53110717;Commune d'Oulad Fennane;جماعة أولاد فنان
53110705;Commune de Braksa;جماعة البراكسة
53110713;Commune d'Oulad Aissa;جماعة أولاد عيسى
6141010;Commune de Casablanca;جماعة الدار البيضاء
61410181;Commune de Méchouar de Casablanca;جماعة مشور الدار البيضاء
63710101;Commune de Mohammadia;جماعة المحمدية
63710103;Commune d'Ain Harrouda;جماعة عين حرودة
63710105;Commune de Bni Yakhlef;جماعة بني يخلف
63710107;Commune d'Ech-challalate;جماعة الشلالات
63710305;Commune de Sidi Moussa Ben Ali;جماعة سيدي موسى بن علي
63710307;Commune de Sidi Moussa El Majdoub;جماعة سيدي موسى المجذوب
61810103;Commune d'El Jadida;جماعة الجديدة
61810101;Commune d'Azemmour;جماعة أزمور
61810105;Commune de Lbir Jdid;جماعة لبير الجديد
61810307;Commune de Lamharza Essahel;جماعة لمهارزة الساحل
61810305;Commune de Laghdira;جماعة لغديرة
61810311;Commune de Sidi Ali Ben Hamdouche;جماعة سيدي علي بن حمدوش
61810301;Commune de Chtouka;جماعة شتوكة
61810703;Commune de Haouzia;جماعة حوزية
61810709;Commune d'Oulad Rahmoune;جماعة أولاد رحمون
61810501;Commune de My Abdellah;جماعة مولاي عبد الله
61810507;Commune d'Ouled Hcine;جماعة أولاد احسين
61810511;Commune de Sidi M'hamed Akhdim;جماعة سيدي امحمد اخديم
61810505;Commune d'Ouled Ghanem;جماعة أولاد غانم
61810509;Commune de Sidi Abed;جماعة سيدي عابد
61810503;Commune d'Oulad Aissa;جماعة أولاد عيسى
61810911;Commune d'Oulad Sidi Ali Ben Youssef;جماعة أولاد سيدي علي بن يوسف
61810913;Commune d'Ouled Frej;جماعة أولاد فرج
61810923;Commune de Zaouiat Lakouacem;جماعة زاوية لقواسم
61810917;Commune de Si Hsaien Ben Abderrahmane;جماعة سي احساين بن عبد الرحمان
61810903;Commune de Chaibate;جماعة شعيبات
61810909;Commune d'Oulad Hamdane;جماعة أولاد حمدان
61810905;Commune de Mettouh;جماعة متوح
61810901;Commune de Boulaouane;جماعة بولعوان
61810907;Commune de Mogress;جماعة مكرس
61810919;Commune de Sidi Smail;جماعة سيدي اسماعيل
61810915;Commune de Sebt Saiss;جماعة سبت سايس
61810921;Commune de Zaouiat Saiss;جماعة زاوية سايس
63850103;Commune de Nouaceur;جماعة النواصر
63850101;Commune de Bouskoura;جماعة بوسكورة
63850102;Commune de Dar Bouazza;جماعة دار بوعزة
63850107;Commune d'Oulad Azzouz;جماعة أولاد عزوز
63850105;Commune d'Ouled Salah;جماعة أولاد صالح
63550105;Commune de Tit Mellil;جماعة تيط مليل
63550103;Commune de Mediouna;جماعة مديونة
63550101;Commune de Lahraouyine;جماعة لهراويين
63550109;Commune de Sidi Hajjaj Oued Hassar;جماعة سيدي حجاج واد حصار
63550107;Commune d'Almajjatia Oulad Taleb;جماعة المجاطية أولاد الطالب
61110101;Commune de Benslimane;جماعة بنسليمان
61110103;Commune de Bouznika;جماعة بوزنيقة
61110105;Commune d'El Mansouria;جماعة المنصورية
61110305;Commune de Fdalate;جماعة فضالات
61110315;Commune d'Oulad Yahya Louta;جماعة أولاد يحيى لوطا
61110311;Commune de Moualine El Oued;جماعة موالين الواد
61110301;Commune d'Ahlaf;جماعة أحلاف
61110317;Commune de Rdadna Oulad Malek;جماعة الردادنة أولاد مالك
61110307;Commune de Mellila;جماعة مليلة
61110313;Commune d'Oulad Ali Toualaa;جماعة أولاد علي الطوالع
61110319;Commune de Ziaida;جماعة الزيايدة
61110505;Commune de Charrate;جماعة شراط
61110504;Commune de Sidi Bettache;جماعة سيدي بطاش
61110501;Commune de Bir Ennasr;جماعة بئر النصر
61110503;Commune d'Ain Tizgha;جماعة عين تيزغة
61170103;Commune de Berrechid;جماعة برشيد
61170107;Commune d'El Gara;جماعة الكارة
61170111;Commune d'Oulad Abbou;جماعة أولاد عبو
61170113;Commune de Sidi Rahal Chatai;جماعة سيدي رحال الشاطئ
61170109;Commune de Had Soualem;جماعة حد السوالم
61170105;Commune de Deroua;جماعة الدروة
61170513;Commune de Lahsasna;جماعة لحساسنة
61170529;Commune de Sidi El Mekki;جماعة سيدي المكي
61170535;Commune de Zaouiat Sidi Ben Hamdoun;جماعة زاوية سيدي بنحمدون
61170501;Commune de Ben Maachou;جماعة بن معاشو
61170527;Commune de Sidi Abdelkhaleq;جماعة سيدي عبد الخالق
61170511;Commune de Laghnimyine;جماعة لغنيميين
61170925;Commune de Sahel Oulad H'riz;جماعة الساحل أولاد احريز
61170933;Commune de Soualem Trifiya;جماعة السوالم الطريفية
61170820;Commune d'Oulad Ziyane;جماعة أولاد زيان
61170809;Commune de Kasbat Ben Mchich;جماعة قصبة بن مشيش
61170807;Commune de Jaqma;جماعة جاقمة
61170817;Commune de Lambarkiyne;جماعة لمباركيين
61170823;Commune de Riah;جماعة رياح
61170805;Commune de Foqra Oulad Aameur;جماعة الفقرا أولاد عمرو
61170819;Commune d'Ouled Cebbah;جماعة أولاد صباح
61170821;Commune d'Ouled Zidane;جماعة أولاد زيدان
64610115;Commune de Settat;جماعة سطات
64610101;Commune de Ben Ahmed;جماعة بن احمد
64610109;Commune de Loulad;جماعة لولاد
64610113;Commune d'Oulad M'rah;جماعة أولاد مراح
64610105;Commune d'El Borouj;جماعة البروج
64611115;Commune de N'khila;جماعة انخيلة
64611107;Commune de Lakhzazra;جماعة لخزازرة
64611113;Commune de M'garto;جماعة مكارطو
64611131;Commune de Sidi Dahbi;جماعة سيدي الذهبي
64611123;Commune d'Ouled M'hamed;جماعة أولاد امحمد
64611102;Commune d'Ain Dorbane-Lahlaf;جماعة عين الضربان-لحلاف
64611103;Commune de Bouguargouh;جماعة بوكركوح
64611129;Commune de Sidi Abdelkrim;جماعة سيدي عبد الكريم
64611309;Commune de Mniaa;جماعة منيع
64611333;Commune de Sidi Hajjaj;جماعة سيدي حجاج
64611321;Commune d'Oulad Fares;جماعة أولاد فارس
64611311;Commune de Mrizigue;جماعة مريزيك
64611327;Commune de Sgamna;جماعة السكامنة
64611319;Commune d'Oulad Chbana;جماعة أولاد شبانة
64611317;Commune d'Oued Naanaa;جماعة واد النعناع
64611325;Commune de Ras El Ain Chaouia;جماعة رأس العين الشاوية
64610715;Commune d'Oulad Fares El Halla;جماعة أولاد فارس الحلة
64610713;Commune d'Oulad Bouali Nouaja;جماعة أولاد بوعلي النواجة
64610709;Commune de Meskoura;جماعة مسكورة
64610711;Commune d'Oulad Amer;جماعة أولاد عامر
64610707;Commune de Laqraqra;جماعة لقراقرة
64610703;Commune de Bni Khloug;جماعة بني خلوك
64610721;Commune de Sidi Boumehdi;جماعة سيدي بومهدي
64610719;Commune de Sidi Ahmed El Khadir;جماعة سيدي احمد الخدير
64610701;Commune d'Ain Blal;جماعة عين بلال
64610717;Commune d'Oulad Freiha;جماعة أولاد افريحة
64610705;Commune de Dar Chaffai;جماعة دار الشافعي
64611525;Commune de Sidi El Aidi;جماعة سيدي العايدي
64611514;Commune de Mzamza Janoubia;جماعة مزامزة الجنوبية
64611509;Commune de Khemisset Chaouia;جماعة اخميسات الشاوية
64611519;Commune d'Oulad Said;جماعة أولاد سعيد
64611511;Commune de Lahouaza;جماعة لحوازة
64611515;Commune de Mzoura;جماعة امزورة
64611505;Commune de Gdana;جماعة كدانة
64611707;Commune de Guisser;جماعة كيسر
64611723;Commune de Rima;جماعة ريما
64611721;Commune d'Oulad Sghir;جماعة أولاد الصغير
64611703;Commune de Bni Yagrine;جماعة بني يكرين
64611731;Commune de Toualet;جماعة الثوالث
64611713;Commune de Machraa Ben Abbou;جماعة مشرع بن عبو
64611727;Commune de Sidi Mohammed Ben Rahal;جماعة سيدي محمد بن رحال
64670107;Commune de Sidi Bennour;جماعة سيدي بنور
64670109;Commune de Zmamra;جماعة زمامرة
64670105;Commune de Loualidia;جماعة الوليدية
64670723;Commune de Lmechrek;جماعة لمشرك
64670733;Commune d'Oulad Si Bouhya;جماعة أولاد سي بوحيى
64670721;Commune de Laatatra;جماعة لعطاطرة
64670705;Commune de Bouhmame;جماعة بوحمام
64670707;Commune de Jabria;جماعة جابرية
64670727;Commune de M'tal;جماعة امطل
64670317;Commune de Laamria;جماعة لعامرية
64670301;Commune de Bni Hilal;جماعة بني هلال
64670303;Commune de Bni Tsiriss;جماعة بني تسيريس
64670319;Commune de Laaounate;جماعة لعونات
64670325;Commune de Metrane;جماعة مطران
64670331;Commune d'Oulad Boussaken;جماعة أولاد بوساكن
64670309;Commune de Khmis Ksiba;جماعة خميس القصيبة
64670511;Commune de Koudiat Bni Dghough;جماعة كدية بني دغوغ
64670535;Commune de Tamda;جماعة تامدة
64670529;Commune d'Oulad Amrane;جماعة أولاد عمران
64670513;Commune de Kridid;جماعة كرديد
64670515;Commune de Laagagcha;جماعة لعكاكشة
64671103;Commune de Lgharbia;جماعة الغربية
64671107;Commune d'Oulad Sbaita;جماعة أولاد سبيطة
64671101;Commune de Laghnadra;جماعة الغنادرة
64671109;Commune de Saniat Berguig;جماعة سانية بركيك
7351010;Commune de Marrakech;جماعة مراكش
73510101;Commune de Méchouar-Kasba;جماعة مشور– القصبة
73510113;Commune de Tassoultante;جماعة تسلطانت
73510505;Commune de Loudaya;جماعة الاوداية
73510503;Commune d'Ait Imour;جماعة آيت إيمور
73510501;Commune d'Agafay;جماعة أكفاي
73510509;Commune de Sid Zouine;جماعة سيد الزوين
73510711;Commune de Souihla;جماعة السويهلة
73510707;Commune de Saada;جماعة سعادة
73510303;Commune de Harbil;جماعة حربيل
73510305;Commune de M'nabha;جماعة المنابهة
73510311;Commune d'Ouled Dlim;جماعة أولاد دليم
73510207;Commune d'Ouahat Sidi Brahim;جماعة واحة سيدي ابراهيم
73510201;Commune d'Al Ouidane;جماعة الويدان
73510209;Commune d'Oulad Hassoune;جماعة أولاد حسون
71610101;Commune de Chichaoua;جماعة شيشاوة
71610103;Commune d'Imintanoute;جماعة امنتانوت
71610303;Commune d'Ait Hadi;جماعة آيت هادي
71610313;Commune de Sidi Bouzid Arragragui;جماعة سيدي بوزيد الركراكي
71610305;Commune de Lamzoudia;جماعة لمزوضية
71610307;Commune d'Oulad Moumna;جماعة أولاد مومنة
71610311;Commune de Sid L'mokhtar;جماعة سيدي المختار
71610301;Commune d'Ahdil;جماعة اهديل
71610315;Commune de Sidi M'hamed Dalil;جماعة سيدي امحمد دليل
71610309;Commune de Saidate;جماعة السعيدات
71610511;Commune de Nfifa;جماعة نفيفة
71610513;Commune d'Ouad L'bour;جماعة واد البور
71610501;Commune d'Afalla Issen;جماعة أفلا إيسن
71610517;Commune de Timezgadiouine;جماعة تمزكدوين
71610507;Commune d'Irohalen;جماعة إروهالن
71610503;Commune d'Ain Tazitounte;جماعة عين تزيتونت
71610515;Commune de Sidi Ghanem;جماعة سيدي غانم
71610505;Commune d'Ait Haddou Youssef;جماعة آيت حدو يوسف
71610509;Commune de Lalla Aaziza;جماعة للا عزيزة
71610903;Commune de Bouabout Amdlane;جماعة بوابوض امدلان
71610909;Commune de Rahhala;جماعة رحالة
71610901;Commune de Bouabout;جماعة بوابوض
71610907;Commune de Kouzemt;جماعة كوزمت
71610915;Commune de Timlilt;جماعة تمليلت
71610905;Commune d'Ichamraren;جماعة اشمرارن
71610911;Commune de Sidi Abdelmoumen;جماعة سيدي عبد المومن
71610913;Commune de Taouloukoult;جماعة تاولوكلت
71610707;Commune de Gmassa;جماعة كماسة
71610711;Commune de Majjat;جماعة مجاط
71610705;Commune de Douirane;جماعة ادويران
71610715;Commune de Zaouia Annahlia;جماعة الزاوية النحلية
71610713;Commune de M'zouda;جماعة امزوضة
71610703;Commune d'Assif El Mal;جماعة أسيف المال
71610701;Commune d'Adassil;جماعة اداسيل
71610709;Commune d'Imindounit;جماعة إمندونيت
70410101;Commune d'Ait Ourir;جماعة آيت أورير
70410103;Commune d'Amizmiz;جماعة أمزميز
70410109;Commune de Tahannaout;جماعة تحناوت
70410309;Commune d'Ait Sidi Daoud;جماعة آيت سيدي داود
70410305;Commune d'Ait Faska;جماعة آيت فاسكا
70410315;Commune de Sidi Abdellah Ghiat;جماعة سيدي عبد الله غيات
70410319;Commune de Tamazouzte;جماعة تمازوزت
70410313;Commune d'Iguerferouane;جماعة اكرفروان
70410311;Commune de Ghmate;جماعة اغمات
70410323;Commune de Tidili Mesfioua;جماعة تديلي مسفيوة
70411117;Commune de Tamaguert;جماعة تمكرت
70411127;Commune de Touama;جماعة التوامة
70411129;Commune de Zerkten;جماعة زرقطن
70411125;Commune de Tighedouine;جماعة تغدوين
70411103;Commune d'Ait Aadel;جماعة آيت عادل
70411107;Commune d'Ait Hkim-Ait Yzid;جماعة آيت احكيم-آيت ازيد
70411101;Commune d'Abadou;جماعة أبادو
70411121;Commune de Tazart;جماعة تزارت
70410703;Commune d'Asni;جماعة اسني
70410705;Commune d'Ighil;جماعة اغيل
70410701;Commune d'Aghbar;جماعة اغبار
70410713;Commune de Talat N'yaaqoub;جماعة ثلاث نيعقوب
70410707;Commune d'Ijoukak;جماعة اجوكاك
70410709;Commune d'Imgdal;جماعة امكدال
70410711;Commune d'Ouirgane;جماعة ويركان
70410501;Commune d'Amghras;جماعة أمغراس
70410505;Commune d'Anougal;جماعة انكال
70410507;Commune d'Azgour;جماعة ازكور
70410519;Commune de Tizguine;جماعة تزكين
70410509;Commune de Dar Jamaa;جماعة دار الجامع
70410517;Commune de Sidi Badhaj;جماعة سيدي بدهاج
70410515;Commune d'Oulad Mtaa;جماعة أولاد امطاع
70410511;Commune de Lalla Takarkoust;جماعة للا تكركوست
70410513;Commune d'Ouazguita;جماعة وزكيتة
70410905;Commune d'Ourika;جماعة اوريكة
70410907;Commune de Sti Fadma;جماعة ستي فاضمة
70410903;Commune d'Oukaimden;جماعة اوكايمدن
70410913;Commune d'Aghouatim;جماعة اغواطيم
70410901;Commune de Moulay Brahim;جماعة مولاي ابراهيم
70410911;Commune de Tameslohte;جماعة تمصلوحت
71910103;Commune de Kelâat Sraghna;جماعة قلعة السراغنة
71910105;Commune de Laattaouia;جماعة العطاوية
71910107;Commune de Sidi Rahal;جماعة سيدي رحال
71910109;Commune de Tamallalt;جماعة تملالت
71910523;Commune d'Oulad Aarrad;جماعة أولاد عراض
71910505;Commune de Choara;جماعة الشعراء
71910516;Commune de Laattaouia Ech-Chaibia;جماعة العطاوية الشعيبية
71910507;Commune de Dzouz;جماعة ادزوز
71910509;Commune de Fraita;جماعة فرايطة
71910515;Commune de Laatamna;جماعة العثامنة
71910521;Commune d'Ouargui;جماعة واركي
71910503;Commune de Bouya Omar;جماعة بوي عمر
71910901;Commune d'Assahrij;جماعة الصهريج
71910929;Commune de Sour El Aaz;جماعة سور العز
71910925;Commune d'Oulad Khallouf;جماعة أولاد خلوف
71910917;Commune de Louad Lakhdar;جماعة الواد لخضر
71910919;Commune de M'zem Sanhaja;جماعة مزم صنهاجة
71910927;Commune de Sidi Aissa Ben Slimane;جماعة سيدي عيسى بن سليمان
71910731;Commune de Zemrane;جماعة زمران
71910733;Commune de Zemrane Charqia;جماعة زمران الشرقية
71910713;Commune de Jouala;جماعة الجوالة
71910711;Commune de Jbiel;جماعة اجبيل
71911129;Commune d'Oulad Sbih;جماعة أولاد صبيح
71911111;Commune de Hiadna;جماعة الهيادنة
71911133;Commune d'Oulad Zarrad;جماعة أولاد زراد
71911121;Commune d'Oulad Cherki;جماعة أولاد الشرقي
71911107;Commune d'El Marbouh;جماعة المربوح
71911115;Commune de Mayate;جماعة ميات
71911141;Commune de Znada;جماعة ازنادة
71911131;Commune d'Oulad Yaacoub;جماعة أولاد يعكوب
71911123;Commune d'Oulad El Garne;جماعة أولاد الكرن
71911113;Commune de Lounasda;جماعة لوناسدة
71911305;Commune d'El Aamria;جماعة العامرية
71911335;Commune de Sidi El Hattab;جماعة سيدي الحطاب
71911337;Commune de Sidi Moussa;جماعة سيدي موسى
71911327;Commune d'Oulad Msabbel;جماعة أولاد امسبل
71911325;Commune d'Oulad Massaoud;جماعة أولاد مسعود
71911303;Commune d'Eddachra;جماعة الدشرة
71911317;Commune d'Oulad Aamer;جماعة أولاد عمرو
71911319;Commune d'Oulad Bouali Loued;جماعة أولاد بوعلي الواد
71911309;Commune d'Errafiaya;جماعة الرافعية
71911339;Commune de Taouzint;جماعة توزينت
71911301;Commune de Chtaiba;جماعة الشطيبة
72110105;Commune d'Essaouira;جماعة الصويرة
72110103;Commune d'El Hanchane;جماعة الحنشان
72110107;Commune de Talmest;جماعة تالمست
72110101;Commune d'Ait Daoud;جماعة آيت داوود
72110109;Commune de Tamanar;جماعة تمنار
72110305;Commune de Had Dra;جماعة حد الدرا
72110349;Commune de Takate;جماعة تكاط
72110331;Commune d'Ounagha;جماعة أوناغة
72110321;Commune de Moulay Bouzarqtoune;جماعة مولاي بوزرقطون
72110303;Commune d'Aquermoud;جماعة أقرمود
72110341;Commune de Sidi Ishaq;جماعة سيدي إسحاق
72110337;Commune de Sidi Ali El Korati;جماعة سيدي علي الكراتي
72110351;Commune de Zaouiat Ben Hmida;جماعة زاوية بن احميدة
72110325;Commune de M'khalif;جماعة المخاليف
72110333;Commune de Sidi Abdeljalil;جماعة سيدي عبد الجليل
72110343;Commune de Sidi Laaroussi;جماعة سيدي لعروسي
72110929;Commune d'Oulad M'rabet;جماعة أولاد امرابط
72110947;Commune de Tafetachte;جماعة تفتاشت
72110915;Commune de Mejji;جماعة مجي
72110907;Commune de Kechoula;جماعة كشولة
72110923;Commune de Mzilate;جماعة المزيلات
72110945;Commune de Sidi M'hamed Ou Marzouq;جماعة سيدي امحمد أومرزوق
72110927;Commune de M'ramer;جماعة امرامر
72110939;Commune de Sidi Boulaalam;جماعة سيدي بولعلام
72110935;Commune de Sidi Aissa Regragui;جماعة سيدي عيسى الركراكي
72110917;Commune de Meskala;جماعة مسكالة
72110919;Commune de Mouarid;جماعة المواريد
72110909;Commune de Korimate;جماعة الكريمات
72110913;Commune de Lahsinate;جماعة لحسينات
72110901;Commune d'Ait Said;جماعة آيت سعيد
72110911;Commune de Lagdadra;جماعة لكدادرة
72110701;Commune d'Adaghas;جماعة أدغاس
72110709;Commune d'Assais;جماعة أسايس
72110713;Commune de Bouzemmour;جماعة بوزمور
72110703;Commune d'Aglif;جماعة اكليف
72110745;Commune de Takoucht;جماعة تاكوشت
72110731;Commune de Sidi Ghaneme;جماعة سيدي غانم
72110715;Commune d'Ezzaouite;جماعة الزاويت
72110743;Commune de Tahelouante;جماعة تهلوانت
72110711;Commune de Bizdad;جماعة بيزضاض
72110537;Commune de Sidi Kaouki;جماعة سيدي كاوكي
72110505;Commune d'Aguerd;جماعة اكرض
72110535;Commune de Sidi H'mad Ou Hamed;جماعة سيدي احمد أوحامد
72110549;Commune de Tidzi;جماعة تدزي
72110529;Commune de Sidi El Jazouli;جماعة سيدي الجزولي
72110525;Commune d'Imi-N'tlit;جماعة إيمي نتليت
72110539;Commune de Smimou;جماعة سميمو
72110541;Commune de Tafedna;جماعة تفضنة
72110527;Commune de Sidi Ahmed Essayeh;جماعة سيدي احمد السايح
72110517;Commune d'Ida Ou Aazza;جماعة إيدا وعزا
72110507;Commune d'Ait Aissa Ihahane;جماعة آيت عيسى اححان
72110523;Commune d'Imgrade;جماعة إمكراد
72110547;Commune de Targante;جماعة تاركانت
72110551;Commune de Timzguida-Ouftas;جماعة تمزكدة أوفتاس
72110533;Commune de Sidi Hmad Ou M'barek;جماعة سيدي أحمد أومبارك
72110521;Commune d'Ida Ou Kazzou;جماعة إيدا وكازو
72110519;Commune d'Ida Ou Guelloul;جماعة إيدا وكلول
74270101;Commune de Ben Guerir;جماعة ابن جرير
74270117;Commune de Sidi Bou Othmane;جماعة سيدي بوعثمان
74270707;Commune de Jaafra;جماعة الجعافرة
74270715;Commune de Sidi Abdellah;جماعة سيدي عبد الله
74270725;Commune de Skoura Lhadra;جماعة سكورة الحدرة
74270719;Commune de Sidi Ghanem;جماعة سيدي غانم
74270721;Commune de Sidi Mansour;جماعة سيدي منصور
74270723;Commune de Skhour Rhamna;جماعة صخور الرحامنة
74270717;Commune de Sidi Ali Labrahla;جماعة سيدي علي لبراحلة
74270713;Commune d'Oulad Hassoune Hamri;جماعة أولاد حسون حمري
74270709;Commune de Labrikiyne;جماعة لبريكيين
74270711;Commune d'Oulad Aamer Tizmarine;جماعة أولاد عامر تزمرين
74270701;Commune d'Ait Hammou;جماعة آيت حمو
74270705;Commune de Bouchane;جماعة بوشان
74270703;Commune d'Ait Taleb;جماعة آيت الطالب
74270903;Commune de Bourrous;جماعة بوروس
74270915;Commune de Sidi Boubker;جماعة سيدي بوبكر
74270906;Commune de Jbilate;جماعة الجبيلات
74270909;Commune de Nzalat Laadam;جماعة انزالت لعظم
74270907;Commune de Lamharra;جماعة لمحرة
74270911;Commune d'Oulad Imloul;جماعة أولاد املول
74270901;Commune d'Akarma;جماعة عكرمة
74270919;Commune de Tlauh;جماعة الطلوح
74270905;Commune de Jaidate;جماعة الجعيدات
74270913;Commune de Ras Ain Rhamna;جماعة راس عين الرحامنة
74310103;Commune de Safi;جماعة آسفي
74310109;Commune de Jamaat Shaim;جماعة جمعة سحيم
74310111;Commune de Sebt Gzoula;جماعة سبت كزولة
74310309;Commune de Lamrasla;جماعة لمراسلة
74310315;Commune de Sidi Ettiji;جماعة سيدي التيجي
74310301;Commune de Bouguedra;جماعة بوكدرة
74310302;Commune de Chahda;جماعة شهدة
74310307;Commune de Lahdar;جماعة لحضر
74310305;Commune de Labkhati;جماعة لبخاتي
74310311;Commune de Lamsabih;جماعة لمصابح
74310303;Commune d'El Gouraani;جماعة الكرعاني
74310313;Commune de Sidi Aissa;جماعة سيدي عيسى
74310909;Commune de Moul El Bergui;جماعة مول البركي
74310903;Commune de Dar Si Aissa;جماعة دار سي عيسى
74310915;Commune de Saadla;جماعة اصعادلا
74310901;Commune d'Ayir;جماعة ايير
74310905;Commune d'El Beddouza;جماعة البدوزة
74310907;Commune de Hrara;جماعة حرارة
74310705;Commune de Khatazakane;جماعة خط ازكان
74310713;Commune d'Ouled Salmane;جماعة اولاد سلمان
74310711;Commune de Nagga;جماعة نكا
74310707;Commune de Laamamra;جماعة لعمامرة
74310703;Commune d'El Ghiate;جماعة الغيات
74310709;Commune de Lamaachate;جماعة لمعاشات
74310701;Commune d'Atouabet;جماعة اتوابت
75850113;Commune de Youssoufia;جماعة اليوسفية
75850107;Commune d'Echemmaia;جماعة الشماعية
75850511;Commune de Jnane Bouih;جماعة اجنان بويه
75850509;Commune de Jdour;جماعة جذور
75850517;Commune de Sidi Chiker;جماعة سيدي شيكر
75850507;Commune d'Ighoud;جماعة إيغود
75850703;Commune d'El Gantour;جماعة الكنتور
75850705;Commune d'Esbiaat;جماعة اسبيعات
75850715;Commune de Ras El Ain;جماعة رأس العين
75850701;Commune d'Atiamim;جماعة اطياميم
75850713;Commune de Lakhoualqa;جماعة لخوالقة
82010105;Commune d'Errachidia;جماعة الرشيدية
82010101;Commune d'Arfoud;جماعة أرفود
82010109;Commune de Goulmima;جماعة كلميمة
82010111;Commune de Jorf;جماعة الجرف
82010113;Commune de Moulay Ali Cherif;جماعة مولاي علي الشريف
82010103;Commune de Boudnib;جماعة بودنيب
82010115;Commune de Tinejdad;جماعة تنجداد
82010307;Commune d'Es-Sifa;جماعة السيفا
82010303;Commune d'Aarab Sebbah Ziz;جماعة عرب صباح زيز
82010301;Commune d'Aarab Sebbah Gheris;جماعة اعرب صباح اغريس
82010309;Commune de Fezna;جماعة فزنا
82011101;Commune de Bni M'hamed-Sijelmassa;جماعة بني امحمد سجلماسة
82011103;Commune d'Er-Rissani;جماعة الريصاني
82011105;Commune d'Es-Sfalat;جماعة السفلات
82011107;Commune d'Et-Taous;جماعة الطاوس
82011109;Commune de Sidi Ali;جماعة سيدي علي
82010701;Commune d'Aoufous;جماعة أوفوس
82010705;Commune d'Er-Rteb;جماعة الرتب
82010709;Commune d'Oued Naam;جماعة وادي النعام
82010703;Commune de Chorfa M'daghra;جماعة شرفاء مدغرة
82010707;Commune de Lkheng;جماعة الخنك
82011309;Commune de Gheris Es-Soufli;جماعة اغريس السفلي
82011307;Commune de Gheris El Ouloui;جماعة اغريس العلوي
82011313;Commune de Tadighoust;جماعة تاديغوست
82011302;Commune d'Amellagou;جماعة املاكو
82011501;Commune d'Aghbalou-N'kerdous;جماعة اغبالو انكردوس
82011511;Commune de Melaab;جماعة ملعب
82011505;Commune de Ferkla Es-Soufla;جماعة فركلة السفلى
82011503;Commune de Ferkla El Oulia;جماعة فركلة العليا
84010107;Commune d'Ouarzazate;جماعة ورزازات
84010109;Commune de Taznakht;جماعة تازناخت
84010303;Commune d'Amerzgane;جماعة امرزكان
84010301;Commune d'Ait Zineb;جماعة آيت زينب
84010315;Commune de Telouet;جماعة تلوات
84010307;Commune d'Ighrem N'ougdal;جماعة اغرم نوكدال
84010317;Commune de Tidili;جماعة تيدلي
84010305;Commune d'Iznaguen;جماعة ازناكن
84010311;Commune d'Ouisselsate;جماعة وسلسات
84010309;Commune de Khouzama;جماعة خزامة
84010313;Commune de Siroua;جماعة سروا
84010709;Commune de Tarmigt;جماعة ترميكت
84010703;Commune d'Idelsane;جماعة ادلسان
84010707;Commune de Skoura Ahl El Oust;جماعة سكورة اهل الوسط
84010711;Commune de Toundoute;جماعة توندوت
84010705;Commune d'Imi-N'oulaoune;جماعة إمي نولاون
84010701;Commune de Ghassate;جماعة غسات
83630103;Commune de Midelt;جماعة ميدلت
83630107;Commune d'Er-Rich;جماعة الريش
83630115;Commune de Boumia;جماعة بومية
83630905;Commune de Guers Tiaallaline;جماعة كرس تعلالين
83630909;Commune de M'zizel;جماعة امزيزل
83630911;Commune de Sidi Aayad;جماعة سيدي عياد
83630901;Commune d'En-Nzala;جماعة النزالة
83630913;Commune de Zaouiat Sidi Hamza;جماعة زاوية سيدي حمزة
83630907;Commune de Guir;جماعة كير
83630903;Commune de Gourrama;جماعة كرامة
83631501;Commune d'Ait Yahya;جماعة آيت يحيى
83631503;Commune d'Amouguer;جماعة أموكر
83631507;Commune d'Imilchil;جماعة إملشيل
83631505;Commune de Bou-Azmou;جماعة بوازمو
83631509;Commune d'Outerbat;جماعة اوتربات
83630719;Commune de Mibladen;جماعة ميبلادن
83630711;Commune d'Amersid;جماعة أمرصيد
83630709;Commune d'Ait Izdeg;جماعة آيت ازدك
83630705;Commune d'Ait Ayach;جماعة آيت عياش
83630707;Commune d'Ait Ben Yacoub;جماعة آيت بن يعقوب
83630717;Commune d'Itzer;جماعة إيتزر
83630729;Commune de Zaida;جماعة زايدة
83630523;Commune de Tanourdi;جماعة تنوردي
83630525;Commune de Tizi N'ghachou;جماعة تيزي نغشو
83630501;Commune d'Aghbalou;جماعة أغبالو
83630521;Commune de Sidi Yahia Ou Youssef;جماعة سيدي يحيى أيوسف
83631727;Commune de Tounfite;جماعة تونفيت
83631703;Commune d'Agoudim;جماعة أكديم
83631713;Commune d'Anemzi;جماعة أنمزي
85770111;Commune de Tinghir;جماعة تنغير
85770103;Commune de Boumalne-Dades;جماعة بومالن دادس
85770105;Commune de Kalâat M'gouna;جماعة قلعة مكونة
85770507;Commune d'Ait Sedrate Jebel Soufla;جماعة آيت سدرات الجبل السفلى
85770505;Commune d'Ait Sedrate Jbel El Oulia;جماعة آيت سدرات الجبل العليا
85770513;Commune d'Ait Youl;جماعة آيت يول
85770517;Commune d'Ikniouen;جماعة اكنيون
85770521;Commune de M'semrir;جماعة امسمرير
85770529;Commune de Tilmi;جماعة تلمي
85770909;Commune d'Ait Sedrate Sahl Charkia;جماعة آيت سدرات السهل الشرقية
85770911;Commune d'Ait Sedrate Sahl El-Gharbia;جماعة آيت سدرات السهل الغربية
85770903;Commune d'Ait Ouassif;جماعة آيت واسيف
85770925;Commune de Souk Lakhmis Dades;جماعة سوق الخميس دادس
85770915;Commune d'Ighil N'oumgoun;جماعة اغيل نومكون
85770719;Commune d'Imider;جماعة اميضر
85770723;Commune d'Ouaklim;جماعة واكليم
85770731;Commune de Toudgha El Oulia;جماعة تودغى العليا
85770727;Commune de Taghzoute N'ait Atta;جماعة تغزوت نايت عطى
85770701;Commune d'Ait El Farsi;جماعة آيت الفرسي
85770733;Commune de Toudgha Essoufla;جماعة تودغى السفلى
85770205;Commune d'Alnif;جماعة النيف
85770221;Commune de M'ssici;جماعة مصيسي
85770211;Commune de H'ssyia;جماعة حصيا
85770301;Commune d'Ait Hani;جماعة آيت هاني
85770305;Commune d'Assoul;جماعة اسول
85870113;Commune de Zagora;جماعة زاكورة
85870101;Commune d'Agdz;جماعة أكدز
85870713;Commune de Bouzeroual;جماعة بوزروال
85870745;Commune de Tinzouline;جماعة تنزولين
85870709;Commune de Bleida;جماعة ابليدة
85870715;Commune d'Errouha;جماعة الروحا
85870743;Commune de Ternata;جماعة ترناتة
85870711;Commune de Bni Zoli;جماعة بني زولي
85870729;Commune de Taftechna;جماعة تافتشنا
85870935;Commune de Tamegroute;جماعة تامكروت
85870917;Commune de Fezouata;جماعة فزواطة
85870923;Commune de M'hamid El Ghizlane;جماعة امحاميد الغزلان
85870933;Commune de Tagounite;جماعة تاكونيت
85870919;Commune de Ktaoua;جماعة كتاوة
85870337;Commune de Tamezmoute;جماعة تمزموط
85870327;Commune d'Oulad Yahia Lagraire;جماعة أولاد يحيى لكراير
85870303;Commune d'Afra;جماعة أفرا
85870321;Commune de Mezguita;جماعة مزكيطة
85870339;Commune de Tansifte;جماعة تنسيفت
85870301;Commune d'Afella N'dra;جماعة أفلاندرا
85871131;Commune de Taghbalte;جماعة تغبالت
85871105;Commune d'Ait Boudaoud;جماعة آيت بوداود
85871141;Commune de Tazarine;جماعة تازارين
85871125;Commune de N'kob;جماعة النقوب
85871107;Commune d'Ait Ouallal;جماعة آيت ولال
90010101;Commune d'Agadir;جماعة أكادير
90010501;Commune d'Amskroud;جماعة امسكروض
90010511;Commune d'Idmine;جماعة اضمين
90010509;Commune de Drargua;جماعة الدراركة
90010703;Commune d'Aourir;جماعة أورير
90010723;Commune de Taghazout;جماعة تغازوت
90010705;Commune d'Aqsri;جماعة اقصري
90010713;Commune d'Imouzzer;جماعة إيموزار
90010729;Commune de Tiqqi;جماعة تقي
90010721;Commune de Tadrart;جماعة تدرارت
90010707;Commune d'Aziar;جماعة ازيار
90010725;Commune de Tamri;جماعة تامري
90010715;Commune d'Imsouane;جماعة امسوان
92730115;Commune d'Inezgane;جماعة إنزكان
92730105;Commune d'Ait Melloul;جماعة آيت ملول
92730113;Commune de Dcheira El Jihadia;جماعة الدشيرة الجهادية
92730117;Commune de Lqliaa;جماعة لقليعة
92730527;Commune de Temsia;جماعة تمسية
92730519;Commune d'Oulad Dahou;جماعة أولاد دحو
91630103;Commune d'Ait Baha;جماعة آيت باها
91630111;Commune de Biougra;جماعة بيوكرى
91630101;Commune d'Ait Amira;جماعة آيت عميرة
91630127;Commune de Sidi Bibi;جماعة سيدي بيبي
91630305;Commune d'Ait Mzal;جماعة آيت مزال
91630313;Commune de Hilala;جماعة هلالة
91630337;Commune de Tassegdelt;جماعة تسكدلت
91630307;Commune d'Ait Ouadrim;جماعة آيت وادريم
91630325;Commune de Sidi Abdallah El Bouchouari;جماعة سيدي عبد الله البوشواري
91630335;Commune de Targua-Ntouchka;جماعة تركا نتوشكا
91630333;Commune de Tanalt;جماعة تنالت
91630309;Commune d'Aouguenz;جماعة أوكنز
91630315;Commune d'Ida-Ougnidif;جماعة إدا وكنظيف
91630339;Commune de Tizi Ntakoucht;جماعة تيزي نتكوشت
91630717;Commune d'Imi-Mqourn;جماعة إمي مقورن
91630729;Commune de Sidi Boushab;جماعة سيدي بوالسحاب
91630723;Commune d'Oued Essafa;جماعة واد الصفاء
91630511;Commune de Belfaâ;جماعة بلفاع
91630519;Commune d'Inchaden;جماعة انشادن
91630521;Commune de Massa;جماعة ماسة
91630531;Commune de Sidi Ouassay;جماعة سيدي وساي
91630503;Commune d'Ait Milk;جماعة آيت ميلك
95410113;Commune de Taroudannt;جماعة تارودانت
95410109;Commune d'Oulad Teima;جماعة أولاد تايمة
95410105;Commune d'Irherm;جماعة إيغرم
95410103;Commune d'El Guerdane;جماعة الكردان
95410101;Commune d'Ait Iaaza;جماعة آيت إيعزة
95410107;Commune d'Oulad Berhil;جماعة أولاد برحيل
95410111;Commune de Taliouine;جماعة تالوين
95410102;Commune d'Aoulouz;جماعة أولوز
95410319;Commune de Sidi Mzal;جماعة سيدي مزال
95410303;Commune d'Ait Abdallah;جماعة آيت عبد الله
95410329;Commune de Toufelaazt;جماعة توفلعزت
95410321;Commune de Tabia;جماعة تابيا
95410331;Commune de Toumliline;جماعة تومليلين
95410309;Commune d'Imaouen;جماعة إيماون
95410325;Commune de Tindine;جماعة تندين
95410317;Commune de Sidi Boaal;جماعة سيدي بوعل
95410305;Commune d'Amalou;جماعة أملو
95410323;Commune de Tataoute;جماعة تتاوت
95410307;Commune d'Azaghar N'irs;جماعة أزغارنيرس
95410301;Commune d'Adar;جماعة أضار
95410311;Commune d'Imi N'tayart;جماعة إمي نتيارت
95410327;Commune de Tisfane;جماعة تيسفان
95410313;Commune de Nihit;جماعة النحيت
95410315;Commune d'Oualqadi;جماعة والقاضي
95410527;Commune de Sidi Boumoussa;جماعة سيدي بوموسى
95410501;Commune d'Ahl Ramel;جماعة أهل الرمل
95410525;Commune de Sidi Ahmed Ou Amar;جماعة سيدي أحمد أو عمر
95410517;Commune de Lagfifat;جماعة لكفيفات
95410511;Commune d'El Koudia El Beida;جماعة الكدية البيضاء
95410519;Commune de Lakhnafif;جماعة الخنافيف
95410521;Commune de Lamhadi;جماعة لمهادي
95410523;Commune de Machraa El Ain;جماعة مشرع العين
95410505;Commune d'Assads;جماعة أصادص
95410533;Commune de Tidsi-Nissendalene;جماعة تدسي نسندالن
95411103;Commune d'Argana;جماعة أركانة
95411107;Commune de Bigoudine;جماعة بيكودين
95411133;Commune de Talmakante;جماعة تالماكانت
95411113;Commune d'Imilmaiss;جماعة إميلمايس
95411129;Commune de Sidi Moussa Lhamri;جماعة سيدي موسى الحمري
95411109;Commune d'Eddir;جماعة الدير
95411115;Commune d'Issen;جماعة إسن
95411101;Commune d'Ahmar Laglalcha;جماعة احمر لكلالشة
95411131;Commune de Lamnizla;جماعة لمنيزلة
95411171;Commune de Zaouia Sidi Tahar;جماعة زاوية سيدي الطاهر
95411119;Commune d'Ida Ou Moumen;جماعة إدا ومومن
95410955;Commune de Tamaloukte;جماعة تملوكت
95410927;Commune d'Imoulass;جماعة إيمولاس
95410951;Commune de Tafraouten;جماعة تافراوتن
95410905;Commune d'Ait Makhlouf;جماعة آيت مخلوف
95410945;Commune de Sidi Dahmane;جماعة سيدي دحمان
95410915;Commune de Freija;جماعة افريجة
95410963;Commune de Tiout;جماعة تيوت
95410941;Commune de Sidi Ahmed Ou Abdallah;جماعة سيدي احمد أو عبد الله
95410903;Commune d'Ait Igas;جماعة آيت اكاس
95410957;Commune de Tazemmourt;جماعة تزمورت
95410911;Commune de Bounrar;جماعة بونرار
95410943;Commune de Sidi Borja;جماعة سيدي بورجا
95410425;Commune d'Igoudar Mnabha;جماعة إيكودار امنابها
95410461;Commune de Tinzart;جماعة تنزرت
95410429;Commune de Lamhara;جماعة لمهارة
95410423;Commune d'Igli;جماعة إكلي
95410433;Commune d'Oulad Aissa;جماعة أولاد عيسى
95410417;Commune d'Ida Ou Gailal;جماعة إدا وكيلال
95410439;Commune de Sidi Abdellah Ou Said;جماعة سيدي عبد الله أو سعيد
95410453;Commune de Talgjount;جماعة تالكجونت
95410467;Commune de Tizi N'test;جماعة تيزي نتاست
95410435;Commune d'Ouneine;جماعة أوناين
95410449;Commune de Tafingoult;جماعة تافنكولت
95410447;Commune de Sidi Ouaaziz;جماعة سيدي واعزيز
95410459;Commune de Tigouga;جماعة تكوكة
95410421;Commune d'Ida-Ougoummad;جماعة إدا وكماض
95410413;Commune d'El Faid;جماعة الفيض
95410409;Commune d'Arazane;جماعة أرزن
95410469;Commune de Toughmart;جماعة توغمرت
95410765;Commune de Tisrasse;جماعة تيسراس
95410737;Commune d'Ouzioua;جماعة أوزيوة
95410723;Commune de Toubkal;جماعة تبقال
95410703;Commune d'Ahl Tifnoute;جماعة أهل تفنوت
95410713;Commune d'Iguidi;جماعة إكيدي
95410717;Commune de Taouyalte;جماعة تاويالت
95410705;Commune d'Askaouen;جماعة أسكاون
95410719;Commune de Tassousfi;جماعة تسوسفي
95410715;Commune de Sidi Hsaine;جماعة سيدي احساين
95410707;Commune d'Assaisse;جماعة أسايس
95410701;Commune d'Agadir Melloul;جماعة أكادير ملول
95410709;Commune d'Assaki;جماعة أساكي
95410725;Commune de Zagmouzen;جماعة زاكموزن
95410721;Commune de Tizgzaouine;جماعة تزكزاوين
95410711;Commune d'Azrar;جماعة أزرار
95810107;Commune de Tiznit;جماعة تيزنيت
95810105;Commune de Tafraout;جماعة تافراوت
95810905;Commune d'Ammelne;جماعة أملن
95810909;Commune de Tarsouat;جماعة تارسواط
95810911;Commune de Tassrirt;جماعة تاسريرت
95810901;Commune d'Afella Ighir;جماعة أفلا إغير
95810907;Commune d'Irigh N'tahala;جماعة إريغ نتاهلة
95810903;Commune d'Ait Ouafqa;جماعة آيت وافقا
95810317;Commune de Tnine Aday;جماعة اثنين أداي
95810311;Commune de Tafraout El Mouloud;جماعة تفراوت المولود
95810303;Commune d'Anzi;جماعة أنزي
95810313;Commune de Tighmi;جماعة تيغمي
95810301;Commune d'Ait Issafen;جماعة آيت إسفن
95810305;Commune d'Arbaa Ait Ahmed;جماعة أربعاء آيت أحمد
95810315;Commune de Tizoughrane;جماعة تيزغران
95810307;Commune d'Ida Ou Gougmar;جماعة إدا وكوكمار
95810309;Commune de Sidi Ahmed Ou Moussa;جماعة سيدي أحمد أوموسى
95811101;Commune d'Arbaa Rasmouka;جماعة أربعاء رسموكة
95811107;Commune d'El Maader El Kabir;جماعة المعدر الكبير
95811111;Commune de Reggada;جماعة الركادة
95811109;Commune d'Ouijjane;جماعة وجان
95811113;Commune de Sidi Bouabdelli;جماعة سيدي بو عبد اللي
95811105;Commune de Bounaamane;جماعة بونعمان
95811115;Commune de Tnine Aglou;جماعة اثنين أكلو
95811103;Commune d'Arbaa Sahel;جماعة أربعاء الساحل
95510107;Commune de Tata;جماعة طاطا
95510101;Commune d'Akka;جماعة أقا
95510103;Commune de Fam El Hisn;جماعة فم الحصن
95510105;Commune de Foum Zguid;جماعة فم زكيد
95510301;Commune d'Ait Ouabelli;جماعة آيت وابلي
95510307;Commune de Tizounine;جماعة تزونين
95510303;Commune de Kasbat Sidi Abdellah Ben M'barek;جماعة قصبة سيدي عبد الله بن مبارك
95510305;Commune de Tamanarte;جماعة تمنارت
95510705;Commune d'Oum El Guerdane;جماعة أم الكردان
95510701;Commune d'Adis;جماعة اديس
95510709;Commune de Tigzmerte;جماعة تكزميرت
95510707;Commune de Tagmout;جماعة تكموت
95510711;Commune de Tizaghte;جماعة تزغت
95510703;Commune d'Issafen;جماعة إسافن
95510501;Commune d'Aguinane;جماعة أكينان
95510507;Commune d'Ibn Yacoub;جماعة إبن يعقوب
95510503;Commune d'Akka-Ighane;جماعة أقا إيغان
95510511;Commune de Tlite;جماعة تليت
95510505;Commune d'Allougoum;جماعة الوكوم
95510509;Commune de Tissint;جماعة تسينت
102610103;Commune de Guelmim;جماعة كلميم
102610101;Commune de Bouizakarne;جماعة بويزكارن
102610309;Commune de Tagante;جماعة تكانت
102610303;Commune d'Ait Boufoulen;جماعة آيت بوفلن
102610307;Commune d'Ifrane Atlas Saghir;جماعة إفران أطلس الصغير
102610313;Commune de Timoulay;جماعة تيمولاي
102610311;Commune de Taghjijt;جماعة تغجيجت
102610305;Commune d'Amtdi;جماعة أمطضي
102610301;Commune d'Aday;جماعة أداي
102610503;Commune d'Aferkat;جماعة افركط
102610505;Commune d'Asrir;جماعة أسرير
102610521;Commune de Tiglit;جماعة تكليت
102610509;Commune de Fask;جماعة فاصك
102610707;Commune d'Echatea El Abied;جماعة الشاطئ الأبيض
102610711;Commune de Labyar;جماعة لبيار
102610715;Commune de Rass Oumlil;جماعة راس أمليل
102610713;Commune de Laqsabi Tagoust;جماعة لقصابي تكوست
102610719;Commune de Targa Wassay;جماعة تركى وساي
102610717;Commune de Taliouine Assaka;جماعة تلوين أسكا
102610701;Commune d'Abaynou;جماعة أباينو
100710101;Commune d'Assa;جماعة آسا
100710103;Commune de Zag;جماعة الزاك
100710301;Commune d'Aouint Lahna;جماعة عوينة لهنا
100710303;Commune d'Aouint Yghomane;جماعة عوينة يغمان
100710305;Commune de Touizgui;جماعة تويزكي
100710503;Commune de Labouirat;جماعة لبويرات
100710501;Commune d'Al Mahbass;جماعة المحبس
105210101;Commune de Tan-Tan;جماعة طانطان
105210103;Commune d'El Ouatia;جماعة الوطية
105210503;Commune de Ben Khlil;جماعة بن خليل
105210505;Commune de Chbika;جماعة الشبيكة
105210501;Commune d'Abteh;جماعة أبطيح
105210301;Commune de Msied;جماعة لمسيد
105210303;Commune de Tilemzoun;جماعة تلمزون
104730103;Commune de Sidi Ifni;جماعة سيدي إفني
104730101;Commune de Lakhsas;جماعة الأخصاص
104730107;Commune de Mirleft;جماعة مير اللفت
104730505;Commune de Mesti;جماعة مستي
104730503;Commune d'Imi-N'fast;جماعة إمي نفاست
104730509;Commune de Sbouya;جماعة اسبويا
104730515;Commune de Tnine Amellou;جماعة اثنين أملو
104730511;Commune de Tangarfa;جماعة تنكرفا
104730501;Commune d'Arbaa Ait Abdellah;جماعة أربعاء آيت عبد الله
104730513;Commune de Tioughza;جماعة تيوغزة
104730715;Commune de Sidi M'bark;جماعة سيدي امبارك
104730713;Commune de Sidi H'saine Ou Ali;جماعة سيدي احساين أو علي
104730701;Commune d'Ait Erkha;جماعة آيت الرخا
104730711;Commune de Sidi Abdellah Ou Belaid;جماعة سيدي عبد الله أو بلعيد
104730717;Commune de Tighirt;جماعة تغيرت
104730709;Commune de Sebt Ennabour;جماعة سبت النابور
104730705;Commune de Boutrouch;جماعة بوطروش
104730707;Commune d'Ibdar;جماعة إبضر
104730703;Commune d'Anfeg;جماعة أنفك
113210103;Commune de Laâyoune;جماعة العيون
113210101;Commune d'El Marsa;جماعة المرسى
113210301;Commune de Boukraa;جماعة بوكراع
113210303;Commune de Dcheira;جماعة الدشيرة
113210305;Commune de Foum El Oued;جماعة فم الواد
111210101;Commune de Boujdour;جماعة بوجدور
111210305;Commune de Lamssid;جماعة لمسيد
111210301;Commune de Gueltat Zemmour;جماعة كلتة زمور
111210303;Commune de Jraifia;جماعة جريفية
115370105;Commune de Tarfaya;جماعة طرفاية
115370303;Commune de Daoura;جماعة الدورة
115370305;Commune d'El Hagounia;جماعة الحكونية
115370501;Commune d'Akhfennir;جماعة أخفنير
115370507;Commune de Tah;جماعة الطاح
112210101;Commune d'Es-Semara;جماعة السمارة
112210305;Commune de Jdiriya;جماعة الجديرية
112210307;Commune de Sidi Ahmed Laaroussi;جماعة سيدي احمد لعروسي
112210301;Commune d'Amgala;جماعة امكالة
112210303;Commune de Haouza;جماعة حوزة
112210309;Commune de Tifariti;جماعة تفاريتي
123910101;Commune de Dakhla;جماعة الداخلة
123910901;Commune d'El Argoub;جماعة العركوب
123910903;Commune d'Imlili;جماعة امليلي
123910501;Commune de Bir Anzarane;جماعة بئر أنزران
123910503;Commune de Gleibat El Foula;جماعة اكليبات الفولة
123910507;Commune d'Oum Dreyga;جماعة ام دريكة
123910505;Commune de Mijik*;جماعة ميجيك*
120660103;Commune de Lagouira*;جماعة الكويرة*
120660503;Commune de Bir Gandouz;جماعة بئر كندوز
120660305;Commune d'Aousserd;جماعة أوسرد
120660303;Commune d'Aghouinite*;جماعة اغوينيت*
120660309;Commune de Zoug*;جماعة الزوك*
120660307;Commune de Tichla;جماعة تشلا
